firstName,lastName,city,country,email
Halee,Christian,Rimbey,Taiwan,molestie.in@egetnisi.org
Laurel,Dennis,Frankenthal,Costa Rica,varius.ultrices@risus.co.uk
Brianna,Moses,Appleby,South Georgia and The South Sandwich Islands,mi.lorem.vehicula@Crasinterdum.edu
Nyssa,Boyd,Guardia Perticara,Åland Islands,feugiat.tellus@imperdiet.org
Dawn,Bryan,Machynlleth,Equatorial Guinea,placerat.Cras@feugiatLorem.edu
Ingrid,Mooney,Carson City,Serbia,aliquet.Phasellus.fermentum@loremvehicula.ca
Sharon,Hurst,Tiltil,Luxembourg,mi.Duis.risus@semmagna.net
Erin,Blevins,Retie,San Marino,congue.In.scelerisque@augue.com
Danielle,Gates,Pironchamps,Austria,ac@ametorci.org
Kristen,Carrillo,Meer,Croatia,Quisque.purus.sapien@erateget.co.uk
Savannah,Finley,Abbotsford,Mauritius,mollis.lectus@nequesed.edu
Hope,Bradshaw,Hyères,Malawi,nunc.interdum.feugiat@pretium.net
Inga,Lynn,Ponoka,Venezuela,primis.in.faucibus@anteMaecenasmi.ca
Cheryl,Dudley,Wigtown,Cayman Islands,eu@orcilacusvestibulum.com
Maile,Jackson,Bathgate,Guam,Quisque@ullamcorpervelit.org
Carol,Dale,Asnières-sur-Seine,Qatar,Integer.mollis@sedorcilobortis.ca
Jacqueline,Crosby,Paiguano,Barbados,sit.amet@eu.co.uk
Cailin,Fitzpatrick,Pune,Montenegro,Nulla@odiotristiquepharetra.com
Chelsea,Jackson,Frignano,Montenegro,non.enim@sedlibero.ca
Christen,Henry,Lac La Biche County,Japan,semper.auctor@interdumenim.edu
Audra,Benton,Melilla,Bangladesh,eget.magna.Suspendisse@Duisvolutpatnunc.org
Yvonne,Leonard,Portsoy,Hong Kong,non.sapien.molestie@loremeumetus.edu
Kelly,Lester,Verrebroek,Namibia,lectus.Nullam@sapiengravidanon.co.uk
Cameron,Hawkins,Comblain-Fairon,Guam,nunc.ullamcorper@blanditenimconsequat.ca
Halee,Adkins,Bischofshofen,Burundi,laoreet.libero.et@euismodacfermentum.co.uk
Hope,Clayton,São Gonçalo,Tokelau,cursus.a.enim@nec.co.uk
Vivien,Mccray,Albagiara,Latvia,ac@non.co.uk
MacKenzie,Adams,Cannalonga,Costa Rica,habitant.morbi@ipsumdolorsit.com
Adena,Holt,Courcelles,Finland,Pellentesque.ut.ipsum@justonec.co.uk
Lenore,Battle,Sapele,Albania,sit.amet.metus@quama.edu
Maggie,Gregory,Castelbuono,Monaco,velit.Cras@Vivamusnonlorem.ca
Uma,Moran,Sint-Gillis-Waas,South Africa,Donec.vitae.erat@lacus.edu
Tanya,Lang,Zeitz,Heard Island and Mcdonald Islands,amet.risus@Nullamutnisi.co.uk
Bell,Hensley,Göppingen,Uruguay,pharetra.nibh.Aliquam@odio.org
Nyssa,Jimenez,Roselies,Korea, South,tortor.at@aliquetvel.org
Kameko,Lester,Paal,Kuwait,gravida@vitaeerat.ca
Sybill,Christian,North Vancouver,Saint Kitts and Nevis,lacinia.at.iaculis@eleifend.edu
Galena,Gallagher,Morpeth,Somalia,neque.sed.sem@metus.com
Penelope,Hester,Gijón,Guinea,Donec.est.Nunc@et.org
Robin,Brady,Port Hope,Malta,enim@Sedeget.co.uk
Olga,Moran,Rosoux-Crenwick,Indonesia,lorem.ipsum.sodales@suscipitest.net
Brielle,Bender,Nottingham,Macao,dictum.sapien@facilisisvitae.net
Lynn,Duran,María Pinto,Puerto Rico,ornare.placerat@risusDonec.com
Anjolie,Jennings,Mellet,Botswana,purus.in.molestie@sitametorci.net
Ann,Moreno,Akron,China,senectus@Cras.edu
Gemma,Harrison,Bazel,Syria,arcu.Vivamus.sit@in.org
Ava,Bradford,Louth,Bahamas,in.consectetuer@Inmipede.edu
Jasmine,Justice,Workington,Djibouti,arcu@sitamet.com
Lacota,Munoz,Santiago,Spain,id.blandit.at@ultricies.edu
Calista,Buchanan,Kooigem,Trinidad and Tobago,ad.litora@necdiam.co.uk
Sylvia,Barr,Karlsruhe,Pitcairn Islands,aliquet.molestie@etcommodoat.org
Christine,Morin,New Galloway,Netherlands,et.eros.Proin@interdumligula.com
Erica,Hull,Hof,Niger,ipsum.Suspendisse@utlacus.ca
Giselle,Giles,Anlier,United States,lacus.varius@velitinaliquet.edu
Rebecca,Howard,Hualaihué,Saint Lucia,feugiat.placerat@Fusce.com
Virginia,Herman,Birkenhead,Botswana,cursus.et@ametlorem.ca
Maggie,Alexander,Muzaffargarh,Djibouti,vel.nisl@nequenonquam.edu
Chiquita,Glover,Vilna,Saudi Arabia,tincidunt.pede@inmagna.co.uk
Unity,Bright,Amberloup,Niue,tellus.non@Morbi.edu
Brittany,Knight,Chieti,Albania,augue@vitaesemperegestas.com
Marah,Kerr,Carstairs,Guyana,Sed@bibendumullamcorper.ca
Hanae,Koch,Mission,Zimbabwe,augue.ut.lacus@Aliquamvulputateullamcorper.net
Alice,Burris,Calestano,Belize,sed@nonlaciniaat.net
Morgan,Ashley,Osgoode,Mayotte,neque@eratvelpede.net
Debra,Fletcher,St. Albans,Cameroon,semper.pretium.neque@Nulla.org
Suki,Mcgowan,San José de Alajuela,Bermuda,mi@egetipsum.edu
Piper,Chang,Wanneroo,Palestine, State of,non.ante.bibendum@aliquameu.edu
Ginger,Miranda,Lac La Biche County,Papua New Guinea,sapien.Aenean.massa@eutemporerat.org
Lynn,Bright,Merbes-le-Ch‰teau,Aruba,Mauris.non@interdumenimnon.ca
Hedda,Cotton,Mechelen-aan-de-Maas,Cambodia,cursus.diam@imperdieterat.net
Justine,Bailey,Barchi,Rwanda,enim@scelerisquelorem.co.uk
Irene,Fulton,Milnathort,Nauru,et.pede@sitametmetus.co.uk
Kylee,Ford,Dion-Valmont,Slovenia,nec.ligula.consectetuer@necorci.co.uk